city,pollutant,financial_year,status,rows,file
Delhi,PM2.5,FY2024-25,downloaded,251369,C:\Users\ironm\Desktop\envirocatalysts-air-quality\data\raw\parts\Delhi__PM2_5__FY2024-25.csv
Delhi,PM10,FY2024-25,downloaded,254835,C:\Users\ironm\Desktop\envirocatalysts-air-quality\data\raw\parts\Delhi__PM10__FY2024-25.csv
Delhi,NO2,FY2024-25,downloaded,256833,C:\Users\ironm\Desktop\envirocatalysts-air-quality\data\raw\parts\Delhi__NO2__FY2024-25.csv
Delhi,SO2,FY2024-25,downloaded,211831,C:\Users\ironm\Desktop\envirocatalysts-air-quality\data\raw\parts\Delhi__SO2__FY2024-25.csv
Delhi,CO,FY2024-25,downloaded,254012,C:\Users\ironm\Desktop\envirocatalysts-air-quality\data\raw\parts\Delhi__CO__FY2024-25.csv
Delhi,Ozone,FY2024-25,downloaded,250440,C:\Users\ironm\Desktop\envirocatalysts-air-quality\data\raw\parts\Delhi__Ozone__FY2024-25.csv
Mumbai,PM2.5,FY2024-25,downloaded,174817,C:\Users\ironm\Desktop\envirocatalysts-air-quality\data\raw\parts\Mumbai__PM2_5__FY2024-25.csv
Mumbai,PM10,FY2024-25,downloaded,165819,C:\Users\ironm\Desktop\envirocatalysts-air-quality\data\raw\parts\Mumbai__PM10__FY2024-25.csv
Mumbai,NO2,FY2024-25,downloaded,172671,C:\Users\ironm\Desktop\envirocatalysts-air-quality\data\raw\parts\Mumbai__NO2__FY2024-25.csv
Mumbai,SO2,FY2024-25,downloaded,158740,C:\Users\ironm\Desktop\envirocatalysts-air-quality\data\raw\parts\Mumbai__SO2__FY2024-25.csv
Mumbai,CO,FY2024-25,downloaded,168826,C:\Users\ironm\Desktop\envirocatalysts-air-quality\data\raw\parts\Mumbai__CO__FY2024-25.csv
Mumbai,Ozone,FY2024-25,downloaded,171242,C:\Users\ironm\Desktop\envirocatalysts-air-quality\data\raw\parts\Mumbai__Ozone__FY2024-25.csv
Kolkata,PM2.5,FY2024-25,downloaded,52803,C:\Users\ironm\Desktop\envirocatalysts-air-quality\data\raw\parts\Kolkata__PM2_5__FY2024-25.csv
Kolkata,PM10,FY2024-25,downloaded,45085,C:\Users\ironm\Desktop\envirocatalysts-air-quality\data\raw\parts\Kolkata__PM10__FY2024-25.csv
Kolkata,NO2,FY2024-25,downloaded,45110,C:\Users\ironm\Desktop\envirocatalysts-air-quality\data\raw\parts\Kolkata__NO2__FY2024-25.csv
Kolkata,SO2,FY2024-25,downloaded,45527,C:\Users\ironm\Desktop\envirocatalysts-air-quality\data\raw\parts\Kolkata__SO2__FY2024-25.csv
Kolkata,CO,FY2024-25,downloaded,45311,C:\Users\ironm\Desktop\envirocatalysts-air-quality\data\raw\parts\Kolkata__CO__FY2024-25.csv
Kolkata,Ozone,FY2024-25,downloaded,45437,C:\Users\ironm\Desktop\envirocatalysts-air-quality\data\raw\parts\Kolkata__Ozone__FY2024-25.csv
Chennai,PM2.5,FY2024-25,downloaded,46045,C:\Users\ironm\Desktop\envirocatalysts-air-quality\data\raw\parts\Chennai__PM2_5__FY2024-25.csv
Chennai,PM10,FY2024-25,downloaded,39552,C:\Users\ironm\Desktop\envirocatalysts-air-quality\data\raw\parts\Chennai__PM10__FY2024-25.csv
Chennai,NO2,FY2024-25,downloaded,36263,C:\Users\ironm\Desktop\envirocatalysts-air-quality\data\raw\parts\Chennai__NO2__FY2024-25.csv
Chennai,SO2,FY2024-25,downloaded,40266,C:\Users\ironm\Desktop\envirocatalysts-air-quality\data\raw\parts\Chennai__SO2__FY2024-25.csv
Chennai,CO,FY2024-25,downloaded,34162,C:\Users\ironm\Desktop\envirocatalysts-air-quality\data\raw\parts\Chennai__CO__FY2024-25.csv
Chennai,Ozone,FY2024-25,downloaded,33819,C:\Users\ironm\Desktop\envirocatalysts-air-quality\data\raw\parts\Chennai__Ozone__FY2024-25.csv
Bengaluru,PM2.5,FY2024-25,downloaded,64587,C:\Users\ironm\Desktop\envirocatalysts-air-quality\data\raw\parts\Bengaluru__PM2_5__FY2024-25.csv
Bengaluru,PM10,FY2024-25,downloaded,74341,C:\Users\ironm\Desktop\envirocatalysts-air-quality\data\raw\parts\Bengaluru__PM10__FY2024-25.csv
Bengaluru,NO2,FY2024-25,downloaded,74233,C:\Users\ironm\Desktop\envirocatalysts-air-quality\data\raw\parts\Bengaluru__NO2__FY2024-25.csv
Bengaluru,SO2,FY2024-25,downloaded,76638,C:\Users\ironm\Desktop\envirocatalysts-air-quality\data\raw\parts\Bengaluru__SO2__FY2024-25.csv
Bengaluru,CO,FY2024-25,downloaded,74878,C:\Users\ironm\Desktop\envirocatalysts-air-quality\data\raw\parts\Bengaluru__CO__FY2024-25.csv
Bengaluru,Ozone,FY2024-25,downloaded,62591,C:\Users\ironm\Desktop\envirocatalysts-air-quality\data\raw\parts\Bengaluru__Ozone__FY2024-25.csv
Hyderabad,PM2.5,FY2024-25,downloaded,81507,C:\Users\ironm\Desktop\envirocatalysts-air-quality\data\raw\parts\Hyderabad__PM2_5__FY2024-25.csv
Hyderabad,PM10,FY2024-25,downloaded,67445,C:\Users\ironm\Desktop\envirocatalysts-air-quality\data\raw\parts\Hyderabad__PM10__FY2024-25.csv
Hyderabad,NO2,FY2024-25,downloaded,76127,C:\Users\ironm\Desktop\envirocatalysts-air-quality\data\raw\parts\Hyderabad__NO2__FY2024-25.csv
Hyderabad,SO2,FY2024-25,downloaded,74918,C:\Users\ironm\Desktop\envirocatalysts-air-quality\data\raw\parts\Hyderabad__SO2__FY2024-25.csv
Hyderabad,CO,FY2024-25,downloaded,76409,C:\Users\ironm\Desktop\envirocatalysts-air-quality\data\raw\parts\Hyderabad__CO__FY2024-25.csv
Hyderabad,Ozone,FY2024-25,downloaded,75906,C:\Users\ironm\Desktop\envirocatalysts-air-quality\data\raw\parts\Hyderabad__Ozone__FY2024-25.csv
Pune,PM2.5,FY2024-25,downloaded,40611,C:\Users\ironm\Desktop\envirocatalysts-air-quality\data\raw\parts\Pune__PM2_5__FY2024-25.csv
Pune,PM10,FY2024-25,downloaded,40293,C:\Users\ironm\Desktop\envirocatalysts-air-quality\data\raw\parts\Pune__PM10__FY2024-25.csv
Pune,NO2,FY2024-25,downloaded,39188,C:\Users\ironm\Desktop\envirocatalysts-air-quality\data\raw\parts\Pune__NO2__FY2024-25.csv
Pune,SO2,FY2024-25,downloaded,16343,C:\Users\ironm\Desktop\envirocatalysts-air-quality\data\raw\parts\Pune__SO2__FY2024-25.csv
Pune,CO,FY2024-25,downloaded,39768,C:\Users\ironm\Desktop\envirocatalysts-air-quality\data\raw\parts\Pune__CO__FY2024-25.csv
Pune,Ozone,FY2024-25,downloaded,40971,C:\Users\ironm\Desktop\envirocatalysts-air-quality\data\raw\parts\Pune__Ozone__FY2024-25.csv
Ahmedabad,PM2.5,FY2024-25,downloaded,42586,C:\Users\ironm\Desktop\envirocatalysts-air-quality\data\raw\parts\Ahmedabad__PM2_5__FY2024-25.csv
Ahmedabad,PM10,FY2024-25,downloaded,42288,C:\Users\ironm\Desktop\envirocatalysts-air-quality\data\raw\parts\Ahmedabad__PM10__FY2024-25.csv
Ahmedabad,NO2,FY2024-25,downloaded,42424,C:\Users\ironm\Desktop\envirocatalysts-air-quality\data\raw\parts\Ahmedabad__NO2__FY2024-25.csv
Ahmedabad,SO2,FY2024-25,downloaded,43663,C:\Users\ironm\Desktop\envirocatalysts-air-quality\data\raw\parts\Ahmedabad__SO2__FY2024-25.csv
Ahmedabad,CO,FY2024-25,downloaded,43248,C:\Users\ironm\Desktop\envirocatalysts-air-quality\data\raw\parts\Ahmedabad__CO__FY2024-25.csv
Ahmedabad,Ozone,FY2024-25,downloaded,43224,C:\Users\ironm\Desktop\envirocatalysts-air-quality\data\raw\parts\Ahmedabad__Ozone__FY2024-25.csv
Delhi,PM2.5,FY2025-26,downloaded,137418,C:\Users\ironm\Desktop\envirocatalysts-air-quality\data\raw\parts\Delhi__PM2_5__FY2025-26.csv
Delhi,PM10,FY2025-26,downloaded,137064,C:\Users\ironm\Desktop\envirocatalysts-air-quality\data\raw\parts\Delhi__PM10__FY2025-26.csv
Delhi,NO2,FY2025-26,no_data,0,
Delhi,SO2,FY2025-26,no_data,0,
Delhi,CO,FY2025-26,no_data,0,
Delhi,Ozone,FY2025-26,no_data,0,
Mumbai,PM2.5,FY2025-26,downloaded,94499,C:\Users\ironm\Desktop\envirocatalysts-air-quality\data\raw\parts\Mumbai__PM2_5__FY2025-26.csv
Mumbai,PM10,FY2025-26,downloaded,94098,C:\Users\ironm\Desktop\envirocatalysts-air-quality\data\raw\parts\Mumbai__PM10__FY2025-26.csv
Mumbai,NO2,FY2025-26,no_data,0,
Mumbai,SO2,FY2025-26,no_data,0,
Mumbai,CO,FY2025-26,no_data,0,
Mumbai,Ozone,FY2025-26,no_data,0,
Kolkata,PM2.5,FY2025-26,downloaded,22353,C:\Users\ironm\Desktop\envirocatalysts-air-quality\data\raw\parts\Kolkata__PM2_5__FY2025-26.csv
Kolkata,PM10,FY2025-26,downloaded,22277,C:\Users\ironm\Desktop\envirocatalysts-air-quality\data\raw\parts\Kolkata__PM10__FY2025-26.csv
Kolkata,NO2,FY2025-26,no_data,0,
Kolkata,SO2,FY2025-26,no_data,0,
Kolkata,CO,FY2025-26,no_data,0,
Kolkata,Ozone,FY2025-26,no_data,0,
Chennai,PM2.5,FY2025-26,downloaded,23614,C:\Users\ironm\Desktop\envirocatalysts-air-quality\data\raw\parts\Chennai__PM2_5__FY2025-26.csv
Chennai,PM10,FY2025-26,downloaded,22490,C:\Users\ironm\Desktop\envirocatalysts-air-quality\data\raw\parts\Chennai__PM10__FY2025-26.csv
Chennai,NO2,FY2025-26,no_data,0,
Chennai,SO2,FY2025-26,no_data,0,
Chennai,CO,FY2025-26,no_data,0,
Chennai,Ozone,FY2025-26,no_data,0,
Bengaluru,PM2.5,FY2025-26,downloaded,36561,C:\Users\ironm\Desktop\envirocatalysts-air-quality\data\raw\parts\Bengaluru__PM2_5__FY2025-26.csv
Bengaluru,PM10,FY2025-26,downloaded,41980,C:\Users\ironm\Desktop\envirocatalysts-air-quality\data\raw\parts\Bengaluru__PM10__FY2025-26.csv
Bengaluru,NO2,FY2025-26,no_data,0,
Bengaluru,SO2,FY2025-26,no_data,0,
Bengaluru,CO,FY2025-26,no_data,0,
Bengaluru,Ozone,FY2025-26,no_data,0,
Hyderabad,PM2.5,FY2025-26,downloaded,51333,C:\Users\ironm\Desktop\envirocatalysts-air-quality\data\raw\parts\Hyderabad__PM2_5__FY2025-26.csv
Hyderabad,PM10,FY2025-26,downloaded,40204,C:\Users\ironm\Desktop\envirocatalysts-air-quality\data\raw\parts\Hyderabad__PM10__FY2025-26.csv
Hyderabad,NO2,FY2025-26,no_data,0,
Hyderabad,SO2,FY2025-26,no_data,0,
Hyderabad,CO,FY2025-26,no_data,0,
Hyderabad,Ozone,FY2025-26,no_data,0,
Pune,PM2.5,FY2025-26,downloaded,28437,C:\Users\ironm\Desktop\envirocatalysts-air-quality\data\raw\parts\Pune__PM2_5__FY2025-26.csv
Pune,PM10,FY2025-26,downloaded,28739,C:\Users\ironm\Desktop\envirocatalysts-air-quality\data\raw\parts\Pune__PM10__FY2025-26.csv
Pune,NO2,FY2025-26,no_data,0,
Pune,SO2,FY2025-26,no_data,0,
Pune,CO,FY2025-26,no_data,0,
Pune,Ozone,FY2025-26,no_data,0,
Ahmedabad,PM2.5,FY2025-26,downloaded,26616,C:\Users\ironm\Desktop\envirocatalysts-air-quality\data\raw\parts\Ahmedabad__PM2_5__FY2025-26.csv
Ahmedabad,PM10,FY2025-26,downloaded,27547,C:\Users\ironm\Desktop\envirocatalysts-air-quality\data\raw\parts\Ahmedabad__PM10__FY2025-26.csv
Ahmedabad,NO2,FY2025-26,no_data,0,
Ahmedabad,SO2,FY2025-26,no_data,0,
Ahmedabad,CO,FY2025-26,no_data,0,
Ahmedabad,Ozone,FY2025-26,no_data,0,
